-- phpMyAdmin SQL Dump
-- version 4.5.1
-- http://www.phpmyadmin.net
--
-- Host: 127.0.0.1
-- Generation Time: Jan 19, 2016 at 03:21 PM
-- Server version: 10.1.8-MariaDB
-- PHP Version: 5.5.30

SET SQL_MODE = "NO_AUTO_VALUE_ON_ZERO";
SET time_zone = "+00:00";


/*!40101 SET @OLD_CHARACTER_SET_CLIENT=@@CHARACTER_SET_CLIENT */;
/*!40101 SET @OLD_CHARACTER_SET_RESULTS=@@CHARACTER_SET_RESULTS */;
/*!40101 SET @OLD_COLLATION_CONNECTION=@@COLLATION_CONNECTION */;
/*!40101 SET NAMES utf8mb4 */;

--
-- Database: `dmcdb`
--

-- --------------------------------------------------------

--
-- Table structure for table `contact`
--

CREATE TABLE `contact` (
  `schoolid` int(10) NOT NULL,
  `director` varchar(50) NOT NULL,
  `teldirector` varchar(10) NOT NULL,
  `contact` varchar(50) NOT NULL,
  `telcontact` varchar(10) NOT NULL,
  `status` int(1) NOT NULL
) ENGINE=InnoDB DEFAULT CHARSET=utf8;

-- --------------------------------------------------------

--
-- Table structure for table `tbc`
--

CREATE TABLE `tbc` (
  `schoolid` int(10) NOT NULL,
  `male` int(10) DEFAULT NULL,
  `female` int(10) DEFAULT NULL
) ENGINE=InnoDB DEFAULT CHARSET=utf8;

--
-- Dumping data for table `tbc`
--

INSERT INTO `tbc` (`schoolid`, `male`, `female`) VALUES
(0, 2, 1),
(56010001, 1, 2),
(56010002, 1, 1),
(56010007, 1, 1),
(56010008, 0, 1),
(56010009, 1, 1),
(56010011, 0, 1),
(56010012, 1, 3),
(56010013, 2, 1),
(56010015, 1, 0),
(56010016, 0, 0),
(56010019, 2, 0),
(56010020, 0, 0),
(56010021, 0, 0),
(56010022, 0, 3),
(56010024, 2, 1),
(56010025, 2, 2),
(56010026, 1, 5),
(56010028, 1, 2),
(56010029, 0, 0),
(56010030, 1, 2),
(56010031, 1, 1),
(56010032, 2, 3),
(56010034, 1, 0),
(56010035, 0, 0),
(56010036, 0, 2),
(56010037, 1, 1),
(56010038, 1, 0),
(56010039, 0, 4),
(56010040, 0, 2),
(56010041, 2, 2),
(56010044, 1, 1),
(56010045, 0, 1),
(56010048, 1, 2),
(56010049, 0, 1),
(56010050, 0, 0),
(56010051, 12, 34),
(56010053, 1, 1),
(56010056, 2, 2),
(56010057, 2, 0),
(56010058, 0, 2),
(56010059, 1, 3),
(56010061, 0, 0),
(56010062, 3, 3),
(56010063, 0, 0),
(56010065, 0, 0),
(56010066, 1, 6),
(56010067, 1, 1),
(56010068, 0, 2),
(56010069, 1, 2),
(56010071, 2, 0),
(56010072, 0, 3),
(56010073, 1, 0),
(56010074, 1, 0),
(56010076, 0, 0),
(56010077, 1, 4),
(56010078, 0, 0),
(56010079, 1, 2),
(56010080, 0, 1),
(56010082, 0, 1),
(56010083, 1, 2),
(56010084, 0, 1),
(56010085, 0, 2),
(56010086, 0, 1),
(56010088, 1, 1),
(56010089, 2, 1),
(56010091, 0, 4),
(56010093, 0, 2),
(56010094, 1, 2),
(56010096, 0, 3),
(56010098, 0, 2),
(56010099, 1, 1),
(56010101, 1, 1),
(56010102, 1, 4),
(56010103, 0, 4),
(56010105, 0, 1),
(56010106, 1, 3),
(56010107, 2, 3),
(56010108, 0, 2),
(56010109, 1, 3),
(56010110, 0, 3),
(56010112, 4, 0),
(56010113, 1, 1),
(56010114, 2, 0),
(56010115, 1, 2),
(56010116, 1, 4),
(56010117, 3, 0),
(56010118, 1, 2),
(56010119, 1, 2),
(56010120, 0, 3),
(56010121, 0, 3),
(56010122, 0, 0),
(56010124, 0, 0),
(56010125, 0, 0),
(56010126, 3, 0),
(56010127, 1, 1),
(56010128, 1, 2),
(56010129, 1, 3),
(56010130, 1, 1),
(56010131, 0, 0),
(56010132, 1, 2);

-- --------------------------------------------------------

--
-- Table structure for table `tbe`
--

CREATE TABLE `tbe` (
  `schoolid` int(10) NOT NULL,
  `male` int(10) DEFAULT NULL,
  `female` int(10) DEFAULT NULL
) ENGINE=InnoDB DEFAULT CHARSET=utf8;

--
-- Dumping data for table `tbe`
--

INSERT INTO `tbe` (`schoolid`, `male`, `female`) VALUES
(0, 0, 0),
(56010001, 0, 0),
(56010002, 0, 0),
(56010007, 0, 0),
(56010008, 0, 0),
(56010009, 0, 0),
(56010011, 0, 0),
(56010012, 0, 0),
(56010013, 0, 0),
(56010015, 0, 0),
(56010016, 0, 0),
(56010019, 0, 0),
(56010020, 0, 0),
(56010021, 0, 0),
(56010022, 0, 0),
(56010024, 0, 0),
(56010025, 0, 0),
(56010026, 0, 0),
(56010028, 0, 0),
(56010029, 0, 0),
(56010030, 0, 0),
(56010031, 0, 0),
(56010032, 0, 0),
(56010034, 0, 0),
(56010035, 0, 0),
(56010036, 0, 0),
(56010037, 0, 0),
(56010038, 0, 0),
(56010039, 0, 0),
(56010040, 0, 0),
(56010041, 0, 0),
(56010044, 0, 0),
(56010045, 0, 0),
(56010048, 0, 0),
(56010049, 0, 0),
(56010050, 0, 0),
(56010051, 0, 0),
(56010053, 0, 0),
(56010056, 0, 0),
(56010057, 0, 0),
(56010058, 0, 0),
(56010059, 0, 0),
(56010061, 0, 0),
(56010062, 0, 0),
(56010063, 0, 0),
(56010065, 0, 0),
(56010066, 0, 0),
(56010067, 0, 0),
(56010068, 0, 0),
(56010069, 0, 0),
(56010071, 0, 0),
(56010072, 0, 0),
(56010073, 0, 0),
(56010074, 0, 0),
(56010076, 1, 0),
(56010077, 0, 0),
(56010078, 0, 0),
(56010079, 0, 0),
(56010080, 0, 0),
(56010082, 0, 0),
(56010083, 0, 0),
(56010084, 0, 0),
(56010085, 0, 0),
(56010086, 0, 0),
(56010088, 1, 0),
(56010089, 0, 0),
(56010091, 0, 0),
(56010093, 0, 0),
(56010094, 0, 1),
(56010096, 1, 1),
(56010098, 0, 0),
(56010099, 0, 0),
(56010101, 0, 0),
(56010102, 0, 1),
(56010103, 0, 0),
(56010105, 0, 0),
(56010106, 0, 0),
(56010107, 0, 0),
(56010108, 0, 0),
(56010109, 0, 0),
(56010110, 0, 0),
(56010112, 0, 0),
(56010113, 0, 0),
(56010114, 0, 0),
(56010115, 0, 1),
(56010116, 0, 0),
(56010117, 0, 0),
(56010118, 0, 0),
(56010119, 0, 0),
(56010120, 0, 0),
(56010121, 0, 0),
(56010122, 0, 0),
(56010124, 0, 0),
(56010125, 0, 0),
(56010126, 0, 0),
(56010127, 0, 0),
(56010128, 0, 0),
(56010129, 0, 0),
(56010130, 0, 0),
(56010131, 0, 0),
(56010132, 0, 0);

-- --------------------------------------------------------

--
-- Table structure for table `tbf`
--

CREATE TABLE `tbf` (
  `schoolid` int(10) NOT NULL,
  `male` int(10) DEFAULT NULL,
  `female` int(10) DEFAULT NULL
) ENGINE=InnoDB DEFAULT CHARSET=utf8;

--
-- Dumping data for table `tbf`
--

INSERT INTO `tbf` (`schoolid`, `male`, `female`) VALUES
(0, 0, 0),
(56010001, 1, 0),
(56010002, 0, 0),
(56010007, 0, 0),
(56010008, 1, 0),
(56010009, 1, 0),
(56010011, 2, 0),
(56010012, 1, 0),
(56010013, 0, 0),
(56010015, 1, 0),
(56010016, 1, 0),
(56010019, 0, 0),
(56010020, 0, 0),
(56010021, 1, 0),
(56010022, 1, 0),
(56010024, 0, 0),
(56010025, 0, 0),
(56010026, 0, 0),
(56010028, 0, 0),
(56010029, 0, 0),
(56010030, 1, 0),
(56010031, 1, 0),
(56010032, 1, 0),
(56010034, 1, 0),
(56010035, 0, 0),
(56010036, 1, 0),
(56010037, 0, 0),
(56010038, 1, 0),
(56010039, 1, 0),
(56010040, 1, 0),
(56010041, 0, 0),
(56010044, 0, 0),
(56010045, 0, 0),
(56010048, 1, 0),
(56010049, 0, 0),
(56010050, 0, 0),
(56010051, 3, 3),
(56010053, 0, 0),
(56010056, 1, 0),
(56010057, 0, 0),
(56010058, 1, 0),
(56010059, 0, 0),
(56010061, 0, 0),
(56010062, 1, 0),
(56010063, 0, 0),
(56010065, 0, 0),
(56010066, 0, 0),
(56010067, 0, 0),
(56010068, 0, 0),
(56010069, 1, 0),
(56010071, 0, 0),
(56010072, 1, 0),
(56010073, 0, 0),
(56010074, 0, 0),
(56010076, 1, 0),
(56010077, 0, 0),
(56010078, 0, 0),
(56010079, 0, 0),
(56010080, 1, 0),
(56010082, 1, 0),
(56010083, 1, 0),
(56010084, 1, 0),
(56010085, 1, 0),
(56010086, 1, 0),
(56010088, 0, 0),
(56010089, 0, 0),
(56010091, 1, 0),
(56010093, 1, 0),
(56010094, 0, 0),
(56010096, 1, 0),
(56010098, 1, 0),
(56010099, 0, 0),
(56010101, 0, 0),
(56010102, 0, 0),
(56010103, 1, 0),
(56010105, 1, 0),
(56010106, 1, 0),
(56010107, 0, 0),
(56010108, 0, 0),
(56010109, 0, 0),
(56010110, 1, 0),
(56010112, 0, 0),
(56010113, 0, 0),
(56010114, 1, 0),
(56010115, 0, 0),
(56010116, 1, 0),
(56010117, 0, 0),
(56010118, 0, 0),
(56010119, 1, 0),
(56010120, 1, 0),
(56010121, 0, 0),
(56010122, 1, 0),
(56010124, 0, 0),
(56010125, 1, 0),
(56010126, 1, 0),
(56010127, 1, 0),
(56010128, 0, 0),
(56010129, 0, 0),
(56010130, 0, 0),
(56010131, 0, 0),
(56010132, 0, 0);

-- --------------------------------------------------------

--
-- Table structure for table `tbm1`
--

CREATE TABLE `tbm1` (
  `schoolid` int(10) NOT NULL,
  `male` int(10) DEFAULT NULL,
  `female` int(10) DEFAULT NULL,
  `room` int(10) DEFAULT NULL
) ENGINE=InnoDB DEFAULT CHARSET=utf8;

--
-- Dumping data for table `tbm1`
--

INSERT INTO `tbm1` (`schoolid`, `male`, `female`, `room`) VALUES
(0, 0, 0, 0),
(56010001, 9, 6, 1),
(56010002, 0, 0, 0),
(56010007, 0, 0, 0),
(56010008, 0, 0, 0),
(56010009, 17, 7, 1),
(56010011, 0, 0, 0),
(56010012, 8, 3, 1),
(56010013, 4, 10, 1),
(56010015, 0, 0, 0),
(56010016, 0, 0, 0),
(56010019, 0, 0, 0),
(56010020, 0, 0, 0),
(56010021, 0, 0, 0),
(56010022, 0, 0, 0),
(56010024, 0, 0, 0),
(56010025, 0, 0, 0),
(56010026, 0, 0, 0),
(56010028, 7, 6, 1),
(56010029, 0, 0, 0),
(56010030, 0, 0, 0),
(56010031, 0, 0, 0),
(56010032, 16, 6, 1),
(56010034, 0, 0, 0),
(56010035, 0, 0, 0),
(56010036, 0, 0, 0),
(56010037, 0, 0, 0),
(56010038, 0, 0, 0),
(56010039, 7, 8, 1),
(56010040, 7, 6, 1),
(56010041, 0, 0, 0),
(56010044, 0, 0, 0),
(56010045, 0, 0, 0),
(56010048, 18, 14, 1),
(56010049, 0, 0, 0),
(56010050, 0, 0, 0),
(56010051, 0, 0, 0),
(56010053, 0, 0, 0),
(56010056, 10, 5, 1),
(56010057, 0, 0, 0),
(56010058, 0, 0, 0),
(56010059, 8, 8, 1),
(56010061, 0, 0, 0),
(56010062, 17, 15, 1),
(56010063, 0, 0, 0),
(56010065, 0, 0, 0),
(56010066, 0, 0, 0),
(56010067, 0, 0, 0),
(56010068, 0, 0, 0),
(56010069, 4, 0, 1),
(56010071, 0, 0, 0),
(56010072, 0, 0, 0),
(56010073, 8, 14, 1),
(56010074, 0, 0, 0),
(56010076, 9, 4, 1),
(56010077, 0, 0, 0),
(56010078, 0, 0, 0),
(56010079, 0, 0, 0),
(56010080, 3, 0, 1),
(56010082, 0, 0, 0),
(56010083, 6, 6, 0),
(56010084, 0, 0, 0),
(56010085, 1, 2, 1),
(56010086, 0, 0, 0),
(56010088, 1, 4, 1),
(56010089, 0, 0, 0),
(56010091, 0, 0, 0),
(56010093, 0, 0, 0),
(56010094, 8, 7, 1),
(56010096, 1, 4, 1),
(56010098, 0, 0, 0),
(56010099, 5, 15, 1),
(56010101, 0, 0, 0),
(56010102, 1, 2, 1),
(56010103, 0, 0, 0),
(56010105, 0, 0, 0),
(56010106, 0, 0, 0),
(56010107, 6, 3, 0),
(56010108, 0, 0, 0),
(56010109, 0, 0, 0),
(56010110, 0, 0, 0),
(56010112, 5, 3, 1),
(56010113, 0, 0, 0),
(56010114, 0, 0, 0),
(56010115, 5, 3, 1),
(56010116, 0, 0, 0),
(56010117, 0, 0, 0),
(56010118, 0, 0, 0),
(56010119, 0, 0, 0),
(56010120, 0, 0, 0),
(56010121, 0, 0, 0),
(56010122, 0, 0, 0),
(56010124, 0, 0, 0),
(56010125, 0, 0, 0),
(56010126, 5, 3, 1),
(56010127, 2, 2, 1),
(56010128, 0, 0, 0),
(56010129, 0, 0, 0),
(56010130, 0, 0, 0),
(56010131, 0, 0, 0),
(56010132, 0, 0, 0);

-- --------------------------------------------------------

--
-- Table structure for table `tbm2`
--

CREATE TABLE `tbm2` (
  `schoolid` int(10) NOT NULL,
  `male` int(10) DEFAULT NULL,
  `female` int(10) DEFAULT NULL,
  `room` int(10) DEFAULT NULL
) ENGINE=InnoDB DEFAULT CHARSET=utf8;

--
-- Dumping data for table `tbm2`
--

INSERT INTO `tbm2` (`schoolid`, `male`, `female`, `room`) VALUES
(0, 0, 0, 0),
(56010001, 14, 11, 1),
(56010002, 0, 0, 0),
(56010007, 0, 0, 0),
(56010008, 0, 0, 0),
(56010009, 12, 6, 1),
(56010011, 0, 0, 0),
(56010012, 4, 3, 1),
(56010013, 7, 8, 1),
(56010015, 0, 0, 0),
(56010016, 0, 0, 0),
(56010019, 0, 0, 0),
(56010020, 0, 0, 0),
(56010021, 0, 0, 0),
(56010022, 0, 0, 0),
(56010024, 0, 0, 0),
(56010025, 0, 0, 0),
(56010026, 0, 0, 0),
(56010028, 10, 11, 1),
(56010029, 0, 0, 0),
(56010030, 0, 0, 0),
(56010031, 0, 0, 0),
(56010032, 17, 9, 1),
(56010034, 0, 0, 0),
(56010035, 0, 0, 0),
(56010036, 0, 0, 0),
(56010037, 0, 0, 0),
(56010038, 0, 0, 0),
(56010039, 6, 7, 1),
(56010040, 5, 3, 1),
(56010041, 0, 0, 0),
(56010044, 0, 0, 0),
(56010045, 0, 0, 0),
(56010048, 19, 11, 1),
(56010049, 0, 0, 0),
(56010050, 0, 0, 0),
(56010051, 0, 0, 0),
(56010053, 0, 0, 0),
(56010056, 7, 10, 1),
(56010057, 0, 0, 0),
(56010058, 0, 0, 0),
(56010059, 7, 9, 1),
(56010061, 0, 0, 0),
(56010062, 15, 26, 1),
(56010063, 0, 0, 0),
(56010065, 0, 0, 0),
(56010066, 0, 0, 0),
(56010067, 0, 0, 0),
(56010068, 0, 0, 0),
(56010069, 5, 2, 1),
(56010071, 0, 0, 0),
(56010072, 0, 0, 0),
(56010073, 10, 7, 1),
(56010074, 0, 0, 0),
(56010076, 10, 4, 1),
(56010077, 0, 0, 0),
(56010078, 0, 0, 0),
(56010079, 0, 0, 0),
(56010080, 4, 3, 1),
(56010082, 0, 0, 0),
(56010083, 5, 5, 0),
(56010084, 0, 0, 0),
(56010085, 3, 2, 1),
(56010086, 0, 0, 0),
(56010088, 2, 2, 1),
(56010089, 0, 0, 0),
(56010091, 0, 0, 0),
(56010093, 0, 0, 0),
(56010094, 7, 6, 1),
(56010096, 4, 7, 1),
(56010098, 0, 0, 0),
(56010099, 11, 1, 1),
(56010101, 0, 0, 0),
(56010102, 4, 5, 1),
(56010103, 0, 0, 0),
(56010105, 0, 0, 0),
(56010106, 0, 0, 0),
(56010107, 7, 7, 0),
(56010108, 0, 0, 0),
(56010109, 0, 0, 0),
(56010110, 0, 0, 0),
(56010112, 6, 3, 1),
(56010113, 0, 0, 0),
(56010114, 0, 0, 0),
(56010115, 10, 7, 1),
(56010116, 0, 0, 0),
(56010117, 0, 0, 0),
(56010118, 0, 0, 0),
(56010119, 0, 0, 0),
(56010120, 0, 0, 0),
(56010121, 0, 0, 0),
(56010122, 0, 0, 0),
(56010124, 0, 0, 0),
(56010125, 0, 0, 0),
(56010126, 5, 6, 1),
(56010127, 7, 0, 1),
(56010128, 0, 0, 0),
(56010129, 0, 0, 0),
(56010130, 0, 0, 0),
(56010131, 0, 0, 0),
(56010132, 0, 0, 0);

-- --------------------------------------------------------

--
-- Table structure for table `tbm3`
--

CREATE TABLE `tbm3` (
  `schoolid` int(10) NOT NULL,
  `male` int(10) DEFAULT NULL,
  `female` int(10) DEFAULT NULL,
  `room` int(10) DEFAULT NULL
) ENGINE=InnoDB DEFAULT CHARSET=utf8;

--
-- Dumping data for table `tbm3`
--

INSERT INTO `tbm3` (`schoolid`, `male`, `female`, `room`) VALUES
(0, 0, 0, 0),
(56010001, 18, 16, 1),
(56010002, 0, 0, 0),
(56010007, 0, 0, 0),
(56010008, 0, 0, 0),
(56010009, 8, 10, 1),
(56010011, 0, 0, 0),
(56010012, 13, 5, 1),
(56010013, 1, 10, 1),
(56010015, 0, 0, 0),
(56010016, 0, 0, 0),
(56010019, 0, 0, 0),
(56010020, 0, 0, 0),
(56010021, 0, 0, 0),
(56010022, 0, 0, 0),
(56010024, 0, 0, 0),
(56010025, 0, 0, 0),
(56010026, 0, 0, 0),
(56010028, 7, 8, 1),
(56010029, 0, 0, 0),
(56010030, 0, 0, 0),
(56010031, 0, 0, 0),
(56010032, 17, 6, 1),
(56010034, 0, 0, 0),
(56010035, 0, 0, 0),
(56010036, 0, 0, 0),
(56010037, 0, 0, 0),
(56010038, 0, 0, 0),
(56010039, 8, 10, 1),
(56010040, 9, 6, 1),
(56010041, 0, 0, 0),
(56010044, 0, 0, 0),
(56010045, 0, 0, 0),
(56010048, 12, 19, 1),
(56010049, 0, 0, 0),
(56010050, 0, 0, 0),
(56010051, 0, 0, 0),
(56010053, 0, 0, 0),
(56010056, 4, 5, 1),
(56010057, 0, 0, 0),
(56010058, 0, 0, 0),
(56010059, 9, 5, 1),
(56010061, 0, 0, 0),
(56010062, 12, 11, 1),
(56010063, 0, 0, 0),
(56010065, 0, 0, 0),
(56010066, 0, 0, 0),
(56010067, 0, 0, 0),
(56010068, 0, 0, 0),
(56010069, 1, 4, 1),
(56010071, 0, 0, 0),
(56010072, 0, 0, 0),
(56010073, 10, 8, 1),
(56010074, 0, 0, 0),
(56010076, 10, 12, 1),
(56010077, 0, 0, 0),
(56010078, 0, 0, 0),
(56010079, 0, 0, 0),
(56010080, 2, 1, 1),
(56010082, 0, 0, 0),
(56010083, 4, 13, 0),
(56010084, 0, 0, 0),
(56010085, 4, 4, 1),
(56010086, 0, 0, 0),
(56010088, 0, 0, 0),
(56010089, 0, 0, 0),
(56010091, 0, 0, 0),
(56010093, 0, 0, 0),
(56010094, 4, 6, 1),
(56010096, 5, 4, 1),
(56010098, 0, 0, 0),
(56010099, 7, 9, 1),
(56010101, 0, 0, 0),
(56010102, 8, 10, 1),
(56010103, 0, 0, 0),
(56010105, 0, 0, 0),
(56010106, 0, 0, 0),
(56010107, 5, 4, 0),
(56010108, 0, 0, 0),
(56010109, 0, 0, 0),
(56010110, 0, 0, 0),
(56010112, 4, 7, 1),
(56010113, 0, 0, 0),
(56010114, 0, 0, 0),
(56010115, 2, 3, 1),
(56010116, 0, 0, 0),
(56010117, 0, 0, 0),
(56010118, 0, 0, 0),
(56010119, 0, 0, 0),
(56010120, 0, 0, 0),
(56010121, 0, 0, 0),
(56010122, 0, 0, 0),
(56010124, 0, 0, 0),
(56010125, 0, 0, 0),
(56010126, 10, 6, 1),
(56010127, 7, 4, 1),
(56010128, 0, 0, 0),
(56010129, 0, 0, 0),
(56010130, 0, 0, 0),
(56010131, 0, 0, 0),
(56010132, 0, 0, 0);

-- --------------------------------------------------------

--
-- Table structure for table `tbo1`
--

CREATE TABLE `tbo1` (
  `schoolid` int(10) NOT NULL,
  `male` int(10) DEFAULT NULL,
  `female` int(10) DEFAULT NULL,
  `room` int(10) DEFAULT NULL
) ENGINE=InnoDB DEFAULT CHARSET=utf8;

--
-- Dumping data for table `tbo1`
--

INSERT INTO `tbo1` (`schoolid`, `male`, `female`, `room`) VALUES
(0, 5, 10, 1),
(56010001, 11, 8, 1),
(56010002, 3, 5, 1),
(56010007, 2, 0, 1),
(56010008, 6, 4, 1),
(56010009, 8, 5, 1),
(56010011, 0, 2, 1),
(56010012, 9, 3, 1),
(56010013, 8, 0, 1),
(56010015, 4, 3, 1),
(56010016, 3, 0, 1),
(56010019, 8, 6, 1),
(56010020, 1, 1, 1),
(56010021, 1, 1, 1),
(56010022, 5, 2, 1),
(56010024, 6, 9, 1),
(56010025, 2, 1, 1),
(56010026, 6, 3, 1),
(56010028, 3, 8, 1),
(56010029, 4, 2, 1),
(56010030, 6, 10, 1),
(56010031, 6, 2, 1),
(56010032, 7, 6, 1),
(56010034, 3, 2, 1),
(56010035, 0, 1, 1),
(56010036, 0, 0, 0),
(56010037, 1, 1, 1),
(56010038, 5, 3, 1),
(56010039, 11, 5, 1),
(56010040, 6, 4, 1),
(56010041, 4, 6, 1),
(56010044, 1, 3, 1),
(56010045, 0, 0, 0),
(56010048, 11, 7, 1),
(56010049, 1, 0, 1),
(56010050, 1, 1, 1),
(56010051, 83, 83, 6),
(56010053, 0, 0, 0),
(56010056, 3, 4, 1),
(56010057, 1, 1, 1),
(56010058, 0, 0, 0),
(56010059, 4, 4, 1),
(56010061, 2, 7, 1),
(56010062, 6, 6, 1),
(56010063, 0, 0, 0),
(56010065, 2, 2, 1),
(56010066, 5, 9, 1),
(56010067, 0, 2, 1),
(56010068, 4, 6, 0),
(56010069, 4, 3, 1),
(56010071, 1, 1, 0),
(56010072, 2, 6, 1),
(56010073, 7, 6, 1),
(56010074, 8, 5, 1),
(56010076, 5, 4, 1),
(56010077, 2, 2, 1),
(56010078, 1, 1, 1),
(56010079, 3, 2, 1),
(56010080, 1, 0, 1),
(56010082, 0, 0, 0),
(56010083, 0, 0, 0),
(56010084, 0, 0, 0),
(56010085, 6, 2, 1),
(56010086, 4, 15, 1),
(56010088, 3, 8, 11),
(56010089, 1, 2, 1),
(56010091, 2, 2, 1),
(56010093, 2, 1, 1),
(56010094, 6, 8, 1),
(56010096, 1, 4, 1),
(56010098, 2, 9, 1),
(56010099, 10, 5, 1),
(56010101, 1, 2, 1),
(56010102, 6, 6, 1),
(56010103, 6, 4, 1),
(56010105, 5, 5, 1),
(56010106, 9, 4, 1),
(56010107, 2, 7, 0),
(56010108, 4, 2, 0),
(56010109, 2, 4, 1),
(56010110, 1, 5, 1),
(56010112, 8, 5, 1),
(56010113, 2, 4, 1),
(56010114, 0, 1, 1),
(56010115, 8, 1, 1),
(56010116, 4, 3, 1),
(56010117, 5, 0, 1),
(56010118, 3, 8, 1),
(56010119, 6, 1, 1),
(56010120, 1, 2, 1),
(56010121, 2, 4, 1),
(56010122, 1, 0, 1),
(56010124, 1, 2, 1),
(56010125, 0, 2, 1),
(56010126, 4, 3, 1),
(56010127, 2, 0, 1),
(56010128, 3, 3, 1),
(56010129, 2, 3, 1),
(56010130, 0, 0, 0),
(56010131, 0, 0, 0),
(56010132, 4, 1, 1);

-- --------------------------------------------------------

--
-- Table structure for table `tbo2`
--

CREATE TABLE `tbo2` (
  `schoolid` int(10) NOT NULL,
  `male` int(10) DEFAULT NULL,
  `female` int(10) DEFAULT NULL,
  `room` int(10) DEFAULT NULL
) ENGINE=InnoDB DEFAULT CHARSET=utf8;

--
-- Dumping data for table `tbo2`
--

INSERT INTO `tbo2` (`schoolid`, `male`, `female`, `room`) VALUES
(0, 5, 6, 1),
(56010001, 11, 7, 1),
(56010002, 7, 4, 1),
(56010007, 4, 0, 1),
(56010008, 3, 3, 1),
(56010009, 7, 5, 1),
(56010011, 2, 4, 1),
(56010012, 5, 5, 1),
(56010013, 7, 8, 1),
(56010015, 6, 1, 1),
(56010016, 1, 3, 1),
(56010019, 3, 4, 1),
(56010020, 2, 2, 1),
(56010021, 1, 1, 1),
(56010022, 7, 4, 1),
(56010024, 5, 6, 1),
(56010025, 3, 1, 1),
(56010026, 5, 3, 1),
(56010028, 2, 4, 1),
(56010029, 5, 6, 1),
(56010030, 12, 5, 1),
(56010031, 4, 1, 1),
(56010032, 4, 9, 1),
(56010034, 3, 2, 1),
(56010035, 3, 3, 1),
(56010036, 0, 0, 0),
(56010037, 4, 2, 1),
(56010038, 6, 2, 1),
(56010039, 6, 6, 0),
(56010040, 9, 4, 1),
(56010041, 0, 5, 1),
(56010044, 5, 2, 1),
(56010045, 0, 0, 0),
(56010048, 7, 7, 1),
(56010049, 1, 0, 1),
(56010050, 0, 1, 1),
(56010051, 108, 95, 6),
(56010053, 0, 0, 0),
(56010056, 6, 7, 1),
(56010057, 2, 3, 1),
(56010058, 0, 0, 0),
(56010059, 7, 7, 1),
(56010061, 9, 6, 1),
(56010062, 11, 17, 1),
(56010063, 0, 0, 0),
(56010065, 1, 2, 1),
(56010066, 12, 13, 1),
(56010067, 1, 3, 1),
(56010068, 9, 3, 0),
(56010069, 2, 3, 1),
(56010071, 0, 4, 1),
(56010072, 2, 2, 1),
(56010073, 9, 3, 1),
(56010074, 8, 6, 1),
(56010076, 7, 0, 1),
(56010077, 3, 4, 1),
(56010078, 0, 0, 0),
(56010079, 7, 4, 1),
(56010080, 1, 1, 1),
(56010082, 0, 0, 0),
(56010083, 0, 0, 0),
(56010084, 2, 0, 1),
(56010085, 5, 2, 1),
(56010086, 2, 7, 1),
(56010088, 5, 4, 0),
(56010089, 4, 4, 1),
(56010091, 1, 3, 1),
(56010093, 4, 2, 1),
(56010094, 7, 12, 1),
(56010096, 2, 4, 1),
(56010098, 12, 4, 1),
(56010099, 6, 5, 1),
(56010101, 9, 6, 1),
(56010102, 4, 2, 1),
(56010103, 3, 2, 1),
(56010105, 4, 8, 1),
(56010106, 4, 4, 1),
(56010107, 2, 5, 0),
(56010108, 4, 6, 0),
(56010109, 0, 0, 0),
(56010110, 2, 5, 1),
(56010112, 5, 2, 1),
(56010113, 3, 2, 1),
(56010114, 5, 4, 1),
(56010115, 0, 2, 1),
(56010116, 7, 1, 1),
(56010117, 3, 0, 1),
(56010118, 2, 4, 1),
(56010119, 3, 1, 1),
(56010120, 1, 6, 1),
(56010121, 5, 1, 1),
(56010122, 0, 0, 0),
(56010124, 2, 2, 1),
(56010125, 1, 3, 1),
(56010126, 6, 3, 1),
(56010127, 3, 2, 1),
(56010128, 3, 7, 1),
(56010129, 2, 3, 1),
(56010130, 0, 0, 0),
(56010131, 1, 0, 1),
(56010132, 2, 3, 1);

-- --------------------------------------------------------

--
-- Table structure for table `tbp1`
--

CREATE TABLE `tbp1` (
  `schoolid` int(10) NOT NULL,
  `male` int(10) DEFAULT NULL,
  `female` int(10) DEFAULT NULL,
  `room` int(10) DEFAULT NULL
) ENGINE=InnoDB DEFAULT CHARSET=utf8;

--
-- Dumping data for table `tbp1`
--

INSERT INTO `tbp1` (`schoolid`, `male`, `female`, `room`) VALUES
(0, 8, 6, 1),
(56010001, 7, 12, 1),
(56010002, 2, 2, 1),
(56010007, 2, 0, 1),
(56010008, 12, 4, 1),
(56010009, 11, 11, 1),
(56010011, 4, 2, 1),
(56010012, 9, 8, 1),
(56010013, 4, 8, 1),
(56010015, 8, 5, 1),
(56010016, 1, 5, 1),
(56010019, 5, 2, 1),
(56010020, 3, 3, 1),
(56010021, 2, 0, 1),
(56010022, 4, 3, 1),
(56010024, 8, 6, 1),
(56010025, 2, 1, 1),
(56010026, 3, 1, 1),
(56010028, 2, 5, 1),
(56010029, 1, 2, 1),
(56010030, 7, 7, 1),
(56010031, 5, 2, 1),
(56010032, 7, 9, 1),
(56010034, 4, 5, 1),
(56010035, 1, 1, 1),
(56010036, 0, 0, 0),
(56010037, 2, 1, 1),
(56010038, 8, 3, 1),
(56010039, 9, 8, 1),
(56010040, 6, 5, 1),
(56010041, 0, 5, 1),
(56010044, 0, 4, 1),
(56010045, 5, 0, 1),
(56010048, 9, 5, 1),
(56010049, 0, 0, 0),
(56010050, 1, 1, 1),
(56010051, 149, 129, 8),
(56010053, 0, 0, 0),
(56010056, 8, 10, 1),
(56010057, 0, 3, 1),
(56010058, 5, 10, 1),
(56010059, 11, 6, 1),
(56010061, 5, 5, 1),
(56010062, 18, 9, 1),
(56010063, 0, 0, 0),
(56010065, 1, 1, 1),
(56010066, 19, 17, 2),
(56010067, 6, 6, 1),
(56010068, 22, 16, 0),
(56010069, 5, 2, 1),
(56010071, 3, 1, 1),
(56010072, 2, 1, 1),
(56010073, 11, 6, 1),
(56010074, 11, 5, 1),
(56010076, 4, 4, 1),
(56010077, 4, 5, 1),
(56010078, 0, 1, 1),
(56010079, 7, 4, 1),
(56010080, 2, 3, 1),
(56010082, 5, 2, 1),
(56010083, 3, 3, 1),
(56010084, 5, 3, 1),
(56010085, 1, 5, 1),
(56010086, 9, 5, 1),
(56010088, 7, 4, 1),
(56010089, 9, 6, 1),
(56010091, 4, 3, 1),
(56010093, 2, 2, 1),
(56010094, 4, 6, 1),
(56010096, 4, 6, 1),
(56010098, 7, 8, 1),
(56010099, 3, 6, 1),
(56010101, 7, 8, 1),
(56010102, 3, 2, 1),
(56010103, 8, 2, 1),
(56010105, 3, 7, 1),
(56010106, 6, 6, 1),
(56010107, 4, 2, 0),
(56010108, 5, 3, 0),
(56010109, 2, 1, 1),
(56010110, 3, 2, 1),
(56010112, 8, 3, 1),
(56010113, 1, 4, 1),
(56010114, 3, 1, 1),
(56010115, 5, 1, 1),
(56010116, 6, 0, 1),
(56010117, 2, 7, 1),
(56010118, 7, 2, 1),
(56010119, 0, 7, 1),
(56010120, 4, 3, 1),
(56010121, 1, 2, 1),
(56010122, 0, 0, 0),
(56010124, 1, 0, 1),
(56010125, 3, 1, 1),
(56010126, 3, 9, 1),
(56010127, 0, 3, 1),
(56010128, 3, 7, 1),
(56010129, 1, 5, 1),
(56010130, 0, 0, 0),
(56010131, 1, 1, 1),
(56010132, 1, 2, 1);

-- --------------------------------------------------------

--
-- Table structure for table `tbp2`
--

CREATE TABLE `tbp2` (
  `schoolid` int(10) NOT NULL,
  `male` int(10) DEFAULT NULL,
  `female` int(10) DEFAULT NULL,
  `room` int(10) DEFAULT NULL
) ENGINE=InnoDB DEFAULT CHARSET=utf8;

--
-- Dumping data for table `tbp2`
--

INSERT INTO `tbp2` (`schoolid`, `male`, `female`, `room`) VALUES
(0, 8, 3, 1),
(56010001, 14, 9, 1),
(56010002, 1, 3, 1),
(56010007, 1, 3, 1),
(56010008, 12, 2, 1),
(56010009, 3, 8, 1),
(56010011, 2, 1, 1),
(56010012, 6, 7, 1),
(56010013, 10, 5, 1),
(56010015, 3, 4, 1),
(56010016, 1, 1, 1),
(56010019, 6, 4, 1),
(56010020, 1, 2, 1),
(56010021, 4, 1, 1),
(56010022, 3, 5, 1),
(56010024, 8, 3, 1),
(56010025, 5, 6, 1),
(56010026, 3, 2, 1),
(56010028, 5, 5, 1),
(56010029, 3, 4, 1),
(56010030, 5, 4, 1),
(56010031, 1, 2, 1),
(56010032, 5, 4, 1),
(56010034, 4, 4, 1),
(56010035, 2, 1, 1),
(56010036, 0, 0, 0),
(56010037, 3, 1, 1),
(56010038, 1, 3, 1),
(56010039, 12, 15, 1),
(56010040, 7, 7, 1),
(56010041, 5, 3, 1),
(56010044, 1, 2, 1),
(56010045, 1, 1, 1),
(56010048, 4, 8, 1),
(56010049, 1, 3, 1),
(56010050, 1, 0, 1),
(56010051, 162, 148, 8),
(56010053, 3, 3, 1),
(56010056, 3, 7, 1),
(56010057, 2, 4, 1),
(56010058, 11, 8, 1),
(56010059, 4, 8, 1),
(56010061, 1, 1, 1),
(56010062, 11, 9, 1),
(56010063, 0, 0, 0),
(56010065, 2, 0, 1),
(56010066, 11, 15, 1),
(56010067, 5, 9, 1),
(56010068, 22, 17, 0),
(56010069, 8, 2, 1),
(56010071, 2, 3, 1),
(56010072, 6, 1, 1),
(56010073, 10, 7, 1),
(56010074, 5, 7, 1),
(56010076, 11, 3, 1),
(56010077, 4, 9, 1),
(56010078, 0, 0, 0),
(56010079, 5, 2, 1),
(56010080, 4, 2, 1),
(56010082, 4, 3, 1),
(56010083, 4, 8, 1),
(56010084, 1, 5, 1),
(56010085, 1, 6, 1),
(56010086, 3, 8, 1),
(56010088, 6, 1, 1),
(56010089, 4, 4, 1),
(56010091, 3, 3, 1),
(56010093, 4, 3, 1),
(56010094, 8, 4, 1),
(56010096, 4, 2, 1),
(56010098, 8, 9, 1),
(56010099, 8, 7, 1),
(56010101, 2, 5, 1),
(56010102, 6, 7, 1),
(56010103, 2, 2, 1),
(56010105, 9, 8, 1),
(56010106, 8, 4, 1),
(56010107, 8, 1, 0),
(56010108, 9, 6, 0),
(56010109, 2, 4, 1),
(56010110, 3, 5, 1),
(56010112, 4, 5, 1),
(56010113, 5, 7, 1),
(56010114, 5, 2, 1),
(56010115, 2, 3, 1),
(56010116, 4, 3, 1),
(56010117, 5, 1, 1),
(56010118, 7, 6, 1),
(56010119, 1, 3, 1),
(56010120, 3, 3, 1),
(56010121, 3, 6, 1),
(56010122, 0, 0, 0),
(56010124, 2, 2, 1),
(56010125, 1, 0, 1),
(56010126, 4, 6, 1),
(56010127, 1, 4, 1),
(56010128, 4, 1, 1),
(56010129, 4, 3, 1),
(56010130, 1, 0, 1),
(56010131, 0, 1, 1),
(56010132, 0, 4, 1);

-- --------------------------------------------------------

--
-- Table structure for table `tbp3`
--

CREATE TABLE `tbp3` (
  `schoolid` int(10) NOT NULL,
  `male` int(10) DEFAULT NULL,
  `female` int(10) DEFAULT NULL,
  `room` int(10) DEFAULT NULL
) ENGINE=InnoDB DEFAULT CHARSET=utf8;

--
-- Dumping data for table `tbp3`
--

INSERT INTO `tbp3` (`schoolid`, `male`, `female`, `room`) VALUES
(0, 6, 3, 1),
(56010001, 13, 9, 1),
(56010002, 3, 6, 1),
(56010007, 1, 1, 1),
(56010008, 7, 3, 1),
(56010009, 4, 6, 1),
(56010011, 2, 4, 1),
(56010012, 7, 8, 1),
(56010013, 6, 6, 1),
(56010015, 5, 2, 1),
(56010016, 4, 0, 1),
(56010019, 5, 8, 1),
(56010020, 0, 0, 0),
(56010021, 0, 1, 1),
(56010022, 6, 3, 1),
(56010024, 6, 3, 1),
(56010025, 6, 3, 1),
(56010026, 6, 4, 1),
(56010028, 4, 2, 1),
(56010029, 5, 2, 1),
(56010030, 5, 6, 1),
(56010031, 2, 3, 1),
(56010032, 11, 7, 1),
(56010034, 7, 7, 1),
(56010035, 1, 1, 1),
(56010036, 1, 1, 1),
(56010037, 3, 1, 1),
(56010038, 2, 2, 1),
(56010039, 10, 11, 1),
(56010040, 4, 6, 1),
(56010041, 5, 4, 1),
(56010044, 2, 2, 1),
(56010045, 1, 1, 1),
(56010048, 9, 4, 1),
(56010049, 0, 1, 1),
(56010050, 0, 0, 0),
(56010051, 138, 177, 8),
(56010053, 4, 2, 1),
(56010056, 6, 7, 1),
(56010057, 1, 4, 1),
(56010058, 10, 9, 1),
(56010059, 12, 6, 1),
(56010061, 10, 4, 1),
(56010062, 14, 13, 1),
(56010063, 0, 0, 0),
(56010065, 4, 2, 1),
(56010066, 16, 12, 2),
(56010067, 3, 4, 1),
(56010068, 11, 19, 0),
(56010069, 4, 6, 1),
(56010071, 3, 1, 1),
(56010072, 2, 1, 1),
(56010073, 8, 9, 1),
(56010074, 8, 7, 1),
(56010076, 3, 6, 1),
(56010077, 7, 8, 1),
(56010078, 0, 0, 0),
(56010079, 4, 3, 1),
(56010080, 3, 3, 1),
(56010082, 7, 0, 1),
(56010083, 12, 7, 1),
(56010084, 6, 2, 1),
(56010085, 7, 3, 1),
(56010086, 10, 8, 1),
(56010088, 6, 5, 1),
(56010089, 4, 6, 1),
(56010091, 2, 2, 1),
(56010093, 2, 4, 1),
(56010094, 14, 6, 1),
(56010096, 3, 3, 1),
(56010098, 8, 9, 1),
(56010099, 5, 13, 1),
(56010101, 4, 4, 1),
(56010102, 5, 3, 1),
(56010103, 3, 3, 1),
(56010105, 1, 6, 1),
(56010106, 9, 2, 1),
(56010107, 7, 4, 0),
(56010108, 3, 3, 0),
(56010109, 2, 3, 1),
(56010110, 1, 4, 1),
(56010112, 4, 8, 1),
(56010113, 6, 3, 1),
(56010114, 3, 6, 1),
(56010115, 1, 3, 1),
(56010116, 4, 5, 1),
(56010117, 5, 6, 1),
(56010118, 6, 3, 1),
(56010119, 3, 6, 1),
(56010120, 5, 8, 1),
(56010121, 6, 3, 1),
(56010122, 0, 3, 1),
(56010124, 0, 4, 1),
(56010125, 2, 2, 1),
(56010126, 3, 7, 1),
(56010127, 0, 0, 0),
(56010128, 4, 5, 1),
(56010129, 1, 2, 1),
(56010130, 0, 0, 0),
(56010131, 0, 0, 0),
(56010132, 1, 2, 1);

-- --------------------------------------------------------

--
-- Table structure for table `tbp4`
--

CREATE TABLE `tbp4` (
  `schoolid` int(10) NOT NULL,
  `male` int(10) DEFAULT NULL,
  `female` int(10) DEFAULT NULL,
  `room` int(10) DEFAULT NULL
) ENGINE=InnoDB DEFAULT CHARSET=utf8;

--
-- Dumping data for table `tbp4`
--

INSERT INTO `tbp4` (`schoolid`, `male`, `female`, `room`) VALUES
(0, 5, 8, 1),
(56010001, 11, 7, 1),
(56010002, 4, 1, 1),
(56010007, 2, 1, 1),
(56010008, 7, 4, 1),
(56010009, 8, 6, 1),
(56010011, 4, 2, 1),
(56010012, 10, 12, 1),
(56010013, 7, 4, 1),
(56010015, 6, 12, 1),
(56010016, 3, 1, 1),
(56010019, 7, 5, 1),
(56010020, 4, 0, 1),
(56010021, 4, 1, 1),
(56010022, 2, 6, 1),
(56010024, 5, 8, 1),
(56010025, 1, 2, 1),
(56010026, 4, 7, 1),
(56010028, 5, 4, 1),
(56010029, 3, 5, 1),
(56010030, 6, 10, 1),
(56010031, 2, 5, 1),
(56010032, 6, 13, 1),
(56010034, 11, 5, 1),
(56010035, 3, 1, 1),
(56010036, 1, 2, 1),
(56010037, 1, 5, 1),
(56010038, 5, 8, 1),
(56010039, 7, 4, 1),
(56010040, 4, 8, 1),
(56010041, 6, 5, 1),
(56010044, 3, 0, 1),
(56010045, 1, 4, 1),
(56010048, 6, 3, 1),
(56010049, 1, 0, 1),
(56010050, 2, 1, 1),
(56010051, 177, 149, 7),
(56010053, 4, 1, 1),
(56010056, 4, 3, 1),
(56010057, 1, 1, 1),
(56010058, 3, 8, 1),
(56010059, 9, 8, 1),
(56010061, 5, 8, 1),
(56010062, 10, 10, 1),
(56010063, 0, 0, 0),
(56010065, 2, 2, 1),
(56010066, 14, 10, 1),
(56010067, 5, 10, 1),
(56010068, 11, 13, 0),
(56010069, 7, 3, 1),
(56010071, 2, 5, 1),
(56010072, 2, 10, 1),
(56010073, 7, 14, 1),
(56010074, 5, 6, 1),
(56010076, 6, 4, 1),
(56010077, 9, 7, 1),
(56010078, 2, 0, 1),
(56010079, 6, 7, 1),
(56010080, 6, 1, 1),
(56010082, 9, 5, 1),
(56010083, 13, 6, 1),
(56010084, 3, 1, 1),
(56010085, 6, 5, 1),
(56010086, 11, 7, 1),
(56010088, 6, 5, 1),
(56010089, 4, 3, 1),
(56010091, 3, 4, 1),
(56010093, 1, 1, 1),
(56010094, 10, 12, 1),
(56010096, 3, 5, 1),
(56010098, 9, 7, 1),
(56010099, 8, 7, 1),
(56010101, 6, 7, 13),
(56010102, 7, 6, 1),
(56010103, 2, 0, 1),
(56010105, 9, 3, 1),
(56010106, 5, 3, 1),
(56010107, 6, 0, 0),
(56010108, 6, 2, 0),
(56010109, 5, 1, 1),
(56010110, 6, 2, 1),
(56010112, 11, 6, 1),
(56010113, 3, 6, 1),
(56010114, 1, 5, 1),
(56010115, 3, 1, 1),
(56010116, 3, 5, 1),
(56010117, 5, 7, 1),
(56010118, 4, 2, 1),
(56010119, 4, 4, 1),
(56010120, 2, 2, 1),
(56010121, 1, 1, 1),
(56010122, 1, 1, 1),
(56010124, 0, 3, 1),
(56010125, 0, 4, 1),
(56010126, 10, 7, 1),
(56010127, 1, 1, 1),
(56010128, 7, 1, 1),
(56010129, 4, 4, 1),
(56010130, 0, 0, 0),
(56010131, 0, 0, 0),
(56010132, 1, 2, 1);

-- --------------------------------------------------------

--
-- Table structure for table `tbp5`
--

CREATE TABLE `tbp5` (
  `schoolid` int(10) NOT NULL,
  `male` int(10) DEFAULT NULL,
  `female` int(10) DEFAULT NULL,
  `room` int(10) DEFAULT NULL
) ENGINE=InnoDB DEFAULT CHARSET=utf8;

--
-- Dumping data for table `tbp5`
--

INSERT INTO `tbp5` (`schoolid`, `male`, `female`, `room`) VALUES
(0, 6, 6, 1),
(56010001, 16, 16, 1),
(56010002, 9, 2, 1),
(56010007, 0, 0, 0),
(56010008, 6, 5, 1),
(56010009, 7, 13, 1),
(56010011, 6, 6, 1),
(56010012, 9, 4, 1),
(56010013, 4, 9, 1),
(56010015, 6, 9, 1),
(56010016, 2, 1, 1),
(56010019, 6, 8, 1),
(56010020, 4, 4, 1),
(56010021, 1, 2, 1),
(56010022, 7, 2, 1),
(56010024, 6, 6, 1),
(56010025, 5, 4, 1),
(56010026, 5, 1, 1),
(56010028, 8, 7, 1),
(56010029, 0, 0, 0),
(56010030, 6, 4, 1),
(56010031, 7, 1, 1),
(56010032, 13, 10, 1),
(56010034, 7, 3, 1),
(56010035, 1, 1, 1),
(56010036, 0, 1, 1),
(56010037, 2, 2, 1),
(56010038, 10, 3, 1),
(56010039, 6, 6, 1),
(56010040, 11, 4, 1),
(56010041, 6, 4, 1),
(56010044, 3, 1, 1),
(56010045, 2, 4, 1),
(56010048, 2, 7, 1),
(56010049, 2, 1, 1),
(56010050, 1, 1, 1),
(56010051, 149, 142, 7),
(56010053, 4, 2, 1),
(56010056, 6, 3, 1),
(56010057, 2, 1, 1),
(56010058, 5, 5, 1),
(56010059, 10, 7, 1),
(56010061, 6, 2, 1),
(56010062, 14, 10, 1),
(56010063, 0, 0, 0),
(56010065, 2, 2, 1),
(56010066, 20, 16, 2),
(56010067, 7, 5, 1),
(56010068, 14, 22, 0),
(56010069, 3, 1, 1),
(56010071, 3, 2, 1),
(56010072, 2, 3, 1),
(56010073, 9, 7, 1),
(56010074, 9, 4, 1),
(56010076, 6, 4, 1),
(56010077, 11, 5, 1),
(56010078, 0, 0, 0),
(56010079, 4, 3, 1),
(56010080, 4, 2, 1),
(56010082, 9, 2, 1),
(56010083, 6, 7, 1),
(56010084, 0, 0, 0),
(56010085, 6, 0, 1),
(56010086, 7, 11, 1),
(56010088, 7, 5, 1),
(56010089, 1, 3, 1),
(56010091, 6, 2, 1),
(56010093, 4, 3, 1),
(56010094, 13, 17, 1),
(56010096, 4, 10, 1),
(56010098, 10, 14, 1),
(56010099, 11, 11, 1),
(56010101, 3, 5, 1),
(56010102, 7, 2, 1),
(56010103, 1, 3, 1),
(56010105, 5, 6, 1),
(56010106, 4, 5, 1),
(56010107, 3, 7, 0),
(56010108, 4, 2, 0),
(56010109, 4, 3, 1),
(56010110, 2, 1, 1),
(56010112, 5, 3, 1),
(56010113, 2, 4, 1),
(56010114, 3, 4, 1),
(56010115, 2, 4, 1),
(56010116, 6, 2, 1),
(56010117, 2, 3, 1),
(56010118, 4, 4, 1),
(56010119, 5, 0, 1),
(56010120, 2, 10, 1),
(56010121, 3, 4, 1),
(56010122, 2, 1, 1),
(56010124, 3, 1, 1),
(56010125, 2, 1, 1),
(56010126, 6, 9, 1),
(56010127, 4, 3, 1),
(56010128, 3, 7, 1),
(56010129, 1, 2, 1),
(56010130, 2, 0, 1),
(56010131, 0, 1, 1),
(56010132, 4, 3, 1);

-- --------------------------------------------------------

--
-- Table structure for table `tbp6`
--

CREATE TABLE `tbp6` (
  `schoolid` int(10) NOT NULL,
  `male` int(10) DEFAULT NULL,
  `female` int(10) DEFAULT NULL,
  `room` int(10) DEFAULT NULL
) ENGINE=InnoDB DEFAULT CHARSET=utf8;

--
-- Dumping data for table `tbp6`
--

INSERT INTO `tbp6` (`schoolid`, `male`, `female`, `room`) VALUES
(0, 9, 10, 1),
(56010001, 9, 9, 1),
(56010002, 5, 6, 1),
(56010007, 4, 0, 1),
(56010008, 4, 1, 1),
(56010009, 12, 10, 1),
(56010011, 3, 2, 1),
(56010012, 9, 4, 1),
(56010013, 6, 8, 1),
(56010015, 10, 6, 1),
(56010016, 4, 1, 1),
(56010019, 9, 6, 1),
(56010020, 3, 1, 1),
(56010021, 1, 2, 1),
(56010022, 5, 4, 1),
(56010024, 9, 10, 1),
(56010025, 1, 3, 1),
(56010026, 3, 4, 1),
(56010028, 4, 8, 1),
(56010029, 5, 4, 1),
(56010030, 4, 5, 1),
(56010031, 4, 2, 1),
(56010032, 5, 8, 1),
(56010034, 9, 4, 1),
(56010035, 2, 2, 1),
(56010036, 1, 0, 1),
(56010037, 1, 4, 1),
(56010038, 7, 3, 1),
(56010039, 11, 7, 1),
(56010040, 8, 9, 1),
(56010041, 5, 2, 1),
(56010044, 5, 3, 1),
(56010045, 2, 1, 1),
(56010048, 13, 11, 1),
(56010049, 0, 0, 0),
(56010050, 1, 2, 1),
(56010051, 141, 141, 9),
(56010053, 3, 1, 1),
(56010056, 8, 3, 1),
(56010057, 5, 7, 1),
(56010058, 5, 10, 1),
(56010059, 12, 9, 1),
(56010061, 4, 3, 1),
(56010062, 8, 13, 1),
(56010063, 1, 0, 1),
(56010065, 0, 0, 0),
(56010066, 18, 19, 2),
(56010067, 6, 6, 1),
(56010068, 12, 11, 0),
(56010069, 2, 4, 1),
(56010071, 5, 3, 1),
(56010072, 4, 1, 1),
(56010073, 10, 20, 1),
(56010074, 6, 3, 1),
(56010076, 5, 9, 1),
(56010077, 10, 9, 1),
(56010078, 0, 0, 0),
(56010079, 7, 3, 1),
(56010080, 4, 5, 1),
(56010082, 7, 6, 1),
(56010083, 9, 13, 1),
(56010084, 5, 4, 1),
(56010085, 3, 2, 1),
(56010086, 13, 8, 1),
(56010088, 0, 2, 1),
(56010089, 5, 4, 1),
(56010091, 6, 10, 1),
(56010093, 2, 3, 1),
(56010094, 8, 5, 1),
(56010096, 4, 7, 1),
(56010098, 8, 9, 1),
(56010099, 7, 8, 1),
(56010101, 6, 2, 1),
(56010102, 11, 3, 1),
(56010103, 2, 1, 1),
(56010105, 3, 4, 1),
(56010106, 11, 8, 1),
(56010107, 7, 5, 0),
(56010108, 9, 5, 0),
(56010109, 1, 3, 1),
(56010110, 6, 2, 1),
(56010112, 2, 12, 1),
(56010113, 7, 5, 1),
(56010114, 9, 6, 1),
(56010115, 5, 1, 1),
(56010116, 2, 7, 1),
(56010117, 3, 4, 1),
(56010118, 5, 6, 1),
(56010119, 3, 0, 1),
(56010120, 6, 3, 1),
(56010121, 5, 5, 1),
(56010122, 0, 1, 1),
(56010124, 2, 1, 1),
(56010125, 0, 4, 1),
(56010126, 4, 4, 1),
(56010127, 5, 3, 1),
(56010128, 2, 2, 1),
(56010129, 6, 5, 1),
(56010130, 0, 2, 1),
(56010131, 0, 0, 0),
(56010132, 1, 2, 1);

-- --------------------------------------------------------

--
-- Table structure for table `tbschool`
--

CREATE TABLE `tbschool` (
  `schoolid` varchar(10) NOT NULL,
  `password` varchar(10) NOT NULL,
  `schoolname` varchar(100) NOT NULL
) ENGINE=InnoDB DEFAULT CHARSET=utf8;

--
-- Dumping data for table `tbschool`
--

INSERT INTO `tbschool` (`schoolid`, `password`, `schoolname`) VALUES
('56010000', '56010000', 'สำนักงานเขตพื้นที่การศึกษาประถมศึกษาพะเยา เขต 1'),
('56010001', 'jpwschool', 'บ้านจำป่าหวาย'),
('56010002', '56010002', 'บ้านดาวเรือง(ธนาคารกรุงเทพ17)'),
('56010007', '56010007', 'บ้านดอกบัว (บุญมานุเคราะห์)'),
('56010008', '56010008', 'บ้านศาลา'),
('56010009', '56010009', 'บ้านต๋อม'),
('56010011', '56010011', 'ตำบลสันป่าม่วง'),
('56010012', '56010012', 'บ้านร่องห้า'),
('56010013', '56010013', 'บ้านต๊ำพระแล'),
('56010015', '56010015', 'ชุมชนบ้านตุ้มท่า'),
('56010016', '56010016', 'บ้านต๊ำเหล่า'),
('56010019', '56010019', 'บ้านดอกบัว(ราษฏร์บำรุง)'),
('56010020', '56010020', 'บ้านสันกว๊านทุ่งกิ่ว'),
('56010021', '56010021', 'บ้านตุ่น'),
('56010022', '56010022', 'บ้านสันเวียงใหม่'),
('56010024', '56010024', 'บ้านสาง'),
('56010025', '56010025', 'บ้านโป่ง'),
('56010026', '56010026', 'บ้านใหม่'),
('56010028', '56010028', 'บ้านแม่กา'),
('56010029', '56010029', 'บ้านแม่กา สาขาบ้านแม่ต๋ำน้อย'),
('56010030', '56010030', 'บ้านห้วยเคียน'),
('56010031', '56010031', 'บ้านแม่ต๋ำบุญโยง'),
('56010032', '56010032', 'อนุบาลเมืองพะเยาบ้านโทกหวาก'),
('56010034', '56010034', 'บ้านร่องคำ'),
('56010035', '56010035', 'บ้านสันป่าสัก'),
('56010036', '56010036', 'บ้านแม่นาเรือ'),
('56010037', '56010037', 'บ้านไร่'),
('56010038', '56010038', 'บ้านแม่นาเรือใต้'),
('56010039', '56010039', 'บ้านภูเงิน'),
('56010040', '56010040', 'บ้านห้วยบง'),
('56010041', '56010041', 'บ้านป่าคา'),
('56010044', '56010044', 'บ้านต๊ำดอนมูล'),
('56010045', '56010045', 'บ้านต๊ำม่อน'),
('56010048', '56010048', 'ชุมชนบ้านแม่ใส'),
('56010049', '56010049', 'บ้านบ่อแฮ้วสันช้างหิน'),
('56010050', '56010050', 'บ้านสันป่าถ่อน'),
('56010051', '56010051', 'อนุบาลพะเยา'),
('56010053', '56010053', 'บ้านต๋อมดง'),
('56010056', '56010056', 'บ้านหนองหล่ม'),
('56010057', '56010057', 'บ้านแม่พริก'),
('56010058', '56010058', 'บ้านใหม่'),
('56010059', '56010059', 'บ้านดง'),
('56010061', '56010061', 'บ้านสันโค้ง'),
('56010062', '56010062', 'บ้านจำไก่'),
('56010063', '56010063', 'บ้านห้วยทรายเลื่อน'),
('56010065', '56010065', 'บ้านดอกคำใต้'),
('56010066', '56010066', 'ไทยรัฐวิทยา 46(ดอกคำใต้)'),
('56010067', '56010067', 'บ้านถ้ำประชาบำรุง'),
('56010068', '56010068', 'บ้านถ้ำประชานุเคราะห์'),
('56010069', '56010069', 'บ้านปางงุ้น'),
('56010071', '56010071', 'บ้านทุ่งหลวง'),
('56010072', '56010072', 'บ้านสันจกปก'),
('56010073', '56010073', 'บ้านค่า'),
('56010074', '56010074', 'บ้านค่าบน'),
('56010076', '56010076', 'บ้านร่องจว้า'),
('56010077', '56010077', 'อนุบาลดอกคำใต้(ชุมชนสันช้างหิน)'),
('56010078', '56010078', 'บ้านสันป่าหนาด'),
('56010079', '56010079', 'บ้านบุญเรือง(อินทะวงศานุเคราะห์)'),
('56010080', '56010080', 'บ้านปาง'),
('56010082', '56010082', 'บ้านโพธิ์ทอง'),
('56010083', '56010083', 'บ้านปิน'),
('56010084', '56010084', 'บ้านปินเหนือ'),
('56010085', '56010085', 'บ้านวังขอนแดง'),
('56010086', '56010086', 'ชุมชนบ้านห้วยลาน'),
('56010088', '56010088', 'บ้านทุ่งต้นศรี'),
('56010089', '56010089', 'บ้านเนินสมบูรณ์'),
('56010091', '56010091', 'บ้านสันต้นม่วง'),
('56010093', '56010093', 'บ้านป่าแฝกเหนือ'),
('56010094', '56010094', 'บ้านดงอินตา'),
('56010096', '56010096', 'บ้านดงบุญนาค'),
('56010098', '56010098', 'บ้านเหล่า'),
('56010099', '56010099', 'บ้านไร่อ้อย'),
('56010101', '56010101', 'บ้านห้วยเจริญราษฎร์'),
('56010102', '56010102', 'ชุมชนบ้านป่าแฝกสามัคคี'),
('56010103', '56010103', 'บ้านหนองสระ'),
('56010105', '56010105', 'บ้านป่าตึง'),
('56010106', '56010106', 'บ้านแม่ใจ(แม่ใจเพาะวิทยาการ)'),
('56010107', '56010107', 'ชุมชนบ้านแม่สุก'),
('56010108', '56010108', 'บ้านแม่จว้า'),
('56010109', '56010109', 'บ้านแม่จว้าใต้'),
('56010110', '56010110', 'บ้านสันขวาง'),
('56010112', '56010112', 'อนุบาลแม่ใจ(บ้านศรีถ้อย)'),
('56010113', '56010113', 'บ้านป่าสักสามัคคี'),
('56010114', '56010114', 'บ้านทุ่งป่าข่า'),
('56010115', '56010115', 'เจริญใจ'),
('56010116', '56010116', 'บ้านป่าแฝกใต้'),
('56010117', '56010117', 'บ้านเจน(เจนจันทรานุกูล)'),
('56010118', '56010118', 'อนุบาลภูกามยาว'),
('56010119', '56010119', 'บ้านแม่อิง'),
('56010120', '56010120', 'บ้านกว้านเหนือ(สุทัศน์อุปถัมภ์)'),
('56010121', '56010121', 'บ้านร่องปอ'),
('56010122', '56010122', 'บ้านร้อง'),
('56010124', '56010124', 'บ้านสันป่างิ้ว'),
('56010125', '56010125', 'บ้านสันต้นผึ้ง'),
('56010126', '56010126', 'บ้านอิงโค้ง'),
('56010127', '56010127', 'บ้านห้วยแก้ว'),
('56010128', '56010128', 'บ้านม่วงคำ'),
('56010129', '56010129', 'บ้านกาดถี'),
('56010130', '56010130', 'บ้านสันต้นแหน'),
('56010131', '56010131', 'บ้านหนองลาว'),
('56010132', '56010132', 'บ้านห้วยทรายขาว');

-- --------------------------------------------------------

--
-- Table structure for table `tbstatus`
--

CREATE TABLE `tbstatus` (
  `schoolid` int(10) NOT NULL,
  `status` int(1) DEFAULT NULL
) ENGINE=InnoDB DEFAULT CHARSET=utf8;

--
-- Dumping data for table `tbstatus`
--

INSERT INTO `tbstatus` (`schoolid`, `status`) VALUES
(0, 1),
(56010001, 1),
(56010002, 1),
(56010007, 1),
(56010008, 1),
(56010009, 1),
(56010011, 1),
(56010012, 1),
(56010013, 1),
(56010015, 1),
(56010016, 1),
(56010019, 1),
(56010020, 1),
(56010021, 1),
(56010022, 1),
(56010024, 1),
(56010025, 1),
(56010026, 1),
(56010028, 1),
(56010029, 1),
(56010030, 1),
(56010031, 1),
(56010032, 1),
(56010034, 1),
(56010035, 1),
(56010036, 1),
(56010037, 1),
(56010038, 1),
(56010039, 1),
(56010040, 1),
(56010041, 1),
(56010044, 1),
(56010045, 1),
(56010048, 1),
(56010049, 1),
(56010050, 1),
(56010051, 1),
(56010053, 1),
(56010056, 1),
(56010057, 1),
(56010058, 1),
(56010059, 1),
(56010061, 1),
(56010062, 1),
(56010063, 1),
(56010065, 1),
(56010066, 1),
(56010067, 1),
(56010068, 1),
(56010069, 1),
(56010071, 1),
(56010072, 1),
(56010073, 1),
(56010074, 1),
(56010076, 1),
(56010077, 1),
(56010078, 1),
(56010079, 1),
(56010080, 1),
(56010082, 1),
(56010083, 1),
(56010084, 1),
(56010085, 1),
(56010086, 1),
(56010088, 1),
(56010089, 1),
(56010091, 1),
(56010093, 1),
(56010094, 1),
(56010096, 1),
(56010098, 1),
(56010099, 1),
(56010101, 1),
(56010102, 1),
(56010103, 1),
(56010105, 1),
(56010106, 1),
(56010107, 1),
(56010108, 1),
(56010109, 1),
(56010110, 1),
(56010112, 1),
(56010113, 1),
(56010114, 1),
(56010115, 1),
(56010116, 1),
(56010117, 1),
(56010118, 1),
(56010119, 1),
(56010120, 1),
(56010121, 1),
(56010122, 1),
(56010124, 1),
(56010125, 1),
(56010126, 1),
(56010127, 1),
(56010128, 1),
(56010129, 1),
(56010130, 1),
(56010131, 1),
(56010132, 1);

-- --------------------------------------------------------

--
-- Table structure for table `tbt`
--

CREATE TABLE `tbt` (
  `schoolid` int(10) NOT NULL,
  `male` int(10) DEFAULT NULL,
  `female` int(10) DEFAULT NULL
) ENGINE=InnoDB DEFAULT CHARSET=utf8;

--
-- Dumping data for table `tbt`
--

INSERT INTO `tbt` (`schoolid`, `male`, `female`) VALUES
(0, 1, 8),
(56010001, 4, 12),
(56010002, 2, 4),
(56010007, 2, 3),
(56010008, 2, 7),
(56010009, 6, 10),
(56010011, 3, 6),
(56010012, 2, 15),
(56010013, 8, 9),
(56010015, 3, 4),
(56010016, 1, 5),
(56010019, 1, 6),
(56010020, 0, 2),
(56010021, 1, 2),
(56010022, 2, 4),
(56010024, 1, 8),
(56010025, 2, 3),
(56010026, 2, 3),
(56010028, 4, 9),
(56010029, 1, 2),
(56010030, 3, 3),
(56010031, 1, 2),
(56010032, 4, 10),
(56010034, 4, 6),
(56010035, 1, 2),
(56010036, 1, 3),
(56010037, 2, 3),
(56010038, 3, 6),
(56010039, 7, 10),
(56010040, 2, 14),
(56010041, 2, 5),
(56010044, 1, 4),
(56010045, 0, 3),
(56010048, 4, 13),
(56010049, 1, 1),
(56010050, 0, 1),
(56010051, 9, 76),
(56010053, 1, 5),
(56010056, 4, 7),
(56010057, 2, 2),
(56010058, 2, 4),
(56010059, 11, 5),
(56010061, 0, 3),
(56010062, 7, 9),
(56010063, 3, 1),
(56010065, 0, 0),
(56010066, 6, 6),
(56010067, 2, 6),
(56010068, 6, 6),
(56010069, 4, 6),
(56010071, 3, 1),
(56010072, 2, 2),
(56010073, 6, 7),
(56010074, 3, 4),
(56010076, 1, 11),
(56010077, 3, 5),
(56010078, 1, 1),
(56010079, 1, 3),
(56010080, 5, 7),
(56010082, 3, 3),
(56010083, 9, 7),
(56010084, 5, 1),
(56010085, 5, 5),
(56010086, 5, 3),
(56010088, 3, 8),
(56010089, 2, 2),
(56010091, 1, 4),
(56010093, 1, 4),
(56010094, 6, 10),
(56010096, 4, 6),
(56010098, 3, 7),
(56010099, 8, 7),
(56010101, 2, 5),
(56010102, 6, 7),
(56010103, 2, 3),
(56010105, 3, 2),
(56010106, 3, 5),
(56010107, 3, 10),
(56010108, 3, 4),
(56010109, 2, 2),
(56010110, 2, 2),
(56010112, 5, 9),
(56010113, 2, 4),
(56010114, 3, 4),
(56010115, 6, 5),
(56010116, 2, 3),
(56010117, 1, 4),
(56010118, 1, 6),
(56010119, 1, 3),
(56010120, 2, 2),
(56010121, 2, 1),
(56010122, 2, 1),
(56010124, 0, 2),
(56010125, 4, 2),
(56010126, 9, 7),
(56010127, 5, 6),
(56010128, 1, 4),
(56010129, 2, 2),
(56010130, 1, 0),
(56010131, 1, 2),
(56010132, 4, 1);

--
-- Indexes for dumped tables
--

--
-- Indexes for table `contact`
--
ALTER TABLE `contact`
  ADD PRIMARY KEY (`schoolid`);

--
-- Indexes for table `tbc`
--
ALTER TABLE `tbc`
  ADD PRIMARY KEY (`schoolid`);

--
-- Indexes for table `tbe`
--
ALTER TABLE `tbe`
  ADD PRIMARY KEY (`schoolid`);

--
-- Indexes for table `tbf`
--
ALTER TABLE `tbf`
  ADD PRIMARY KEY (`schoolid`);

--
-- Indexes for table `tbm1`
--
ALTER TABLE `tbm1`
  ADD PRIMARY KEY (`schoolid`);

--
-- Indexes for table `tbm2`
--
ALTER TABLE `tbm2`
  ADD PRIMARY KEY (`schoolid`);

--
-- Indexes for table `tbm3`
--
ALTER TABLE `tbm3`
  ADD PRIMARY KEY (`schoolid`);

--
-- Indexes for table `tbo1`
--
ALTER TABLE `tbo1`
  ADD PRIMARY KEY (`schoolid`);

--
-- Indexes for table `tbo2`
--
ALTER TABLE `tbo2`
  ADD PRIMARY KEY (`schoolid`);

--
-- Indexes for table `tbp1`
--
ALTER TABLE `tbp1`
  ADD PRIMARY KEY (`schoolid`);

--
-- Indexes for table `tbp2`
--
ALTER TABLE `tbp2`
  ADD PRIMARY KEY (`schoolid`);

--
-- Indexes for table `tbp3`
--
ALTER TABLE `tbp3`
  ADD PRIMARY KEY (`schoolid`);

--
-- Indexes for table `tbp4`
--
ALTER TABLE `tbp4`
  ADD PRIMARY KEY (`schoolid`);

--
-- Indexes for table `tbp5`
--
ALTER TABLE `tbp5`
  ADD PRIMARY KEY (`schoolid`);

--
-- Indexes for table `tbp6`
--
ALTER TABLE `tbp6`
  ADD PRIMARY KEY (`schoolid`);

--
-- Indexes for table `tbschool`
--
ALTER TABLE `tbschool`
  ADD PRIMARY KEY (`schoolid`);

--
-- Indexes for table `tbstatus`
--
ALTER TABLE `tbstatus`
  ADD PRIMARY KEY (`schoolid`);

--
-- Indexes for table `tbt`
--
ALTER TABLE `tbt`
  ADD PRIMARY KEY (`schoolid`);

/*!40101 SET CHARACTER_SET_CLIENT=@OLD_CHARACTER_SET_CLIENT */;
/*!40101 SET CHARACTER_SET_RESULTS=@OLD_CHARACTER_SET_RESULTS */;
/*!40101 SET COLLATION_CONNECTION=@OLD_COLLATION_CONNECTION */;
